{
  "ndcg@1": 0.7142857142857143,
  "ndcg@3": 0.9289757086052617,
  "ndcg@5": 0.9124203774745272,
  "ndcg@10": 0.9254660698328991,
  "mrr": 1.0,
  "map": 0.9184979353864804
}