{
  "ndcg@1": 0.7142857142857143,
  "ndcg@3": 0.8808654287316917,
  "ndcg@5": 0.8604182754865344,
  "ndcg@10": 0.9019811468823422,
  "mrr": 1.0,
  "map": 0.9432661784093672,
  "model_type": "pointwise",
  "objective": "reg:squarederror",
  "n_features": 12
}